{
  "lassberg-letter-0952": [
    6.772861480712891,
    5.009113311767578
  ],
  "lassberg-letter-0966": [
    6.1312575340271,
    4.456686019897461
  ],
  "lassberg-letter-0971": [
    7.9748406410217285,
    5.010636329650879
  ],
  "lassberg-letter-0993": [
    6.390268325805664,
    4.627385139465332
  ],
  "lassberg-letter-1015": [
    8.51980209350586,
    5.697457790374756
  ],
  "lassberg-letter-1039": [
    6.584663391113281,
    4.826298713684082
  ],
  "lassberg-letter-1044": [
    9.370375633239746,
    5.547832012176514
  ],
  "lassberg-letter-1051": [
    6.228167533874512,
    4.765440464019775
  ],
  "lassberg-letter-1077": [
    6.574672222137451,
    2.1773521900177
  ],
  "lassberg-letter-1131": [
    9.592044830322266,
    4.587612152099609
  ],
  "lassberg-letter-1132": [
    5.576793193817139,
    4.034580230712891
  ],
  "lassberg-letter-1137": [
    11.306193351745605,
    4.526471138000488
  ],
  "lassberg-letter-1138": [
    5.79753303527832,
    3.6074185371398926
  ],
  "lassberg-letter-1141": [
    9.720873832702637,
    4.18267297744751
  ],
  "lassberg-letter-1146": [
    6.334572792053223,
    3.9996578693389893
  ],
  "lassberg-letter-1151": [
    6.7241644859313965,
    4.03865385055542
  ],
  "lassberg-letter-1153": [
    7.786396503448486,
    5.366891860961914
  ],
  "lassberg-letter-1154": [
    6.876834869384766,
    4.997663497924805
  ],
  "lassberg-letter-1157": [
    6.6909332275390625,
    3.9886512756347656
  ],
  "lassberg-letter-1159": [
    6.515604496002197,
    3.5699219703674316
  ],
  "lassberg-letter-1164": [
    5.827521324157715,
    4.305496692657471
  ],
  "lassberg-letter-1165": [
    7.7022705078125,
    5.403790473937988
  ],
  "lassberg-letter-1166": [
    6.619781494140625,
    4.191783428192139
  ],
  "lassberg-letter-1167": [
    7.429925441741943,
    4.179401397705078
  ],
  "lassberg-letter-1170": [
    8.37590217590332,
    3.4167988300323486
  ],
  "lassberg-letter-1171": [
    9.193069458007812,
    4.404536724090576
  ],
  "lassberg-letter-1175": [
    6.09931755065918,
    4.017338752746582
  ],
  "lassberg-letter-1186": [
    5.390803337097168,
    3.9154601097106934
  ],
  "lassberg-letter-1202": [
    7.762961387634277,
    5.556014060974121
  ],
  "lassberg-letter-1204": [
    5.96844482421875,
    4.19256591796875
  ],
  "lassberg-letter-1205": [
    5.878687381744385,
    3.6932718753814697
  ],
  "lassberg-letter-1208": [
    5.685763835906982,
    3.9490621089935303
  ],
  "lassberg-letter-1209": [
    12.235507011413574,
    3.2880795001983643
  ],
  "lassberg-letter-1214": [
    5.785536289215088,
    4.335749626159668
  ],
  "lassberg-letter-1220": [
    5.368775367736816,
    3.944810390472412
  ],
  "lassberg-letter-1221": [
    5.462954521179199,
    4.1375322341918945
  ],
  "lassberg-letter-1222": [
    8.555399894714355,
    5.466622829437256
  ],
  "lassberg-letter-1231": [
    6.829625129699707,
    2.6118273735046387
  ],
  "lassberg-letter-1235": [
    7.296319961547852,
    2.2522401809692383
  ],
  "lassberg-letter-1244": [
    7.045851707458496,
    2.5122640132904053
  ],
  "lassberg-letter-1247": [
    8.368566513061523,
    5.324953556060791
  ],
  "lassberg-letter-1249": [
    8.227941513061523,
    5.388693809509277
  ],
  "lassberg-letter-1256": [
    8.532583236694336,
    3.8738698959350586
  ],
  "lassberg-letter-1260": [
    9.228069305419922,
    5.547022819519043
  ],
  "lassberg-letter-1264": [
    8.62373161315918,
    2.8840274810791016
  ],
  "lassberg-letter-1270": [
    7.992666721343994,
    2.938748598098755
  ],
  "lassberg-letter-1274": [
    5.674932956695557,
    3.6740000247955322
  ],
  "lassberg-letter-1280": [
    7.725016117095947,
    2.666586399078369
  ],
  "lassberg-letter-1301": [
    9.557833671569824,
    3.8616180419921875
  ],
  "lassberg-letter-1307": [
    7.537994861602783,
    2.450223922729492
  ],
  "lassberg-letter-1313": [
    7.175632953643799,
    2.162787914276123
  ],
  "lassberg-letter-1322": [
    7.407558441162109,
    3.508788585662842
  ],
  "lassberg-letter-1323": [
    8.776453971862793,
    5.239516735076904
  ],
  "lassberg-letter-1327": [
    6.787121295928955,
    3.0566048622131348
  ],
  "lassberg-letter-1334": [
    9.206849098205566,
    4.141233921051025
  ],
  "lassberg-letter-1339": [
    7.010526180267334,
    2.8473496437072754
  ],
  "lassberg-letter-1344": [
    7.461428642272949,
    2.867339849472046
  ],
  "lassberg-letter-1366": [
    7.094090938568115,
    2.4553422927856445
  ],
  "lassberg-letter-1369": [
    8.091409683227539,
    5.687921524047852
  ],
  "lassberg-letter-1370": [
    8.002120018005371,
    5.57941198348999
  ],
  "lassberg-letter-1383": [
    6.4454874992370605,
    2.2421534061431885
  ],
  "lassberg-letter-1384": [
    6.411954402923584,
    2.3160400390625
  ],
  "lassberg-letter-1390": [
    7.608064651489258,
    2.5138018131256104
  ],
  "lassberg-letter-1400": [
    8.163588523864746,
    3.315398931503296
  ],
  "lassberg-letter-1406": [
    8.02896785736084,
    3.1756961345672607
  ],
  "lassberg-letter-1408": [
    8.786977767944336,
    4.519067287445068
  ],
  "lassberg-letter-1410": [
    8.1021146774292,
    4.71775484085083
  ],
  "lassberg-letter-1412": [
    8.65845775604248,
    4.358761310577393
  ],
  "lassberg-letter-1414": [
    7.458451271057129,
    4.653805255889893
  ],
  "lassberg-letter-1416": [
    7.536281585693359,
    3.928861379623413
  ],
  "lassberg-letter-1417": [
    8.448387145996094,
    4.312372207641602
  ],
  "lassberg-letter-1421": [
    7.994473457336426,
    2.726195812225342
  ],
  "lassberg-letter-1423": [
    6.68480920791626,
    2.429141044616699
  ],
  "lassberg-letter-1424": [
    6.361586093902588,
    3.2466049194335938
  ],
  "lassberg-letter-1434": [
    9.337398529052734,
    4.099464416503906
  ],
  "lassberg-letter-1439": [
    8.994186401367188,
    3.5501954555511475
  ],
  "lassberg-letter-1446": [
    7.434579372406006,
    2.9113705158233643
  ],
  "lassberg-letter-1449": [
    9.071249008178711,
    4.520853519439697
  ],
  "lassberg-letter-1452": [
    8.87201976776123,
    4.137660980224609
  ],
  "lassberg-letter-1455": [
    9.116447448730469,
    4.547053813934326
  ],
  "lassberg-letter-1456": [
    7.4165568351745605,
    5.2959089279174805
  ],
  "lassberg-letter-1457": [
    9.182568550109863,
    4.467400550842285
  ],
  "lassberg-letter-1465": [
    8.562662124633789,
    3.781576156616211
  ],
  "lassberg-letter-1468": [
    8.413543701171875,
    3.4617958068847656
  ],
  "lassberg-letter-1471": [
    7.868661880493164,
    3.3613624572753906
  ],
  "lassberg-letter-1472": [
    9.533520698547363,
    4.806107997894287
  ],
  "lassberg-letter-1483": [
    8.413445472717285,
    4.885058403015137
  ],
  "lassberg-letter-1498": [
    7.29880952835083,
    4.761354446411133
  ],
  "lassberg-letter-1521": [
    7.996372222900391,
    4.502635955810547
  ],
  "lassberg-letter-1523": [
    7.747561931610107,
    4.116435527801514
  ],
  "lassberg-letter-1527": [
    8.563645362854004,
    4.722968578338623
  ],
  "lassberg-letter-1528": [
    6.731237411499023,
    3.2427189350128174
  ],
  "lassberg-letter-1534": [
    9.390538215637207,
    4.078507900238037
  ],
  "lassberg-letter-1551": [
    7.127250671386719,
    3.235680103302002
  ],
  "lassberg-letter-1554": [
    7.2239766120910645,
    3.8567683696746826
  ],
  "lassberg-letter-1575": [
    9.801774978637695,
    4.071380615234375
  ],
  "lassberg-letter-1578": [
    7.593784809112549,
    5.203350067138672
  ],
  "lassberg-letter-1612": [
    7.353419780731201,
    5.109930992126465
  ],
  "lassberg-letter-1618": [
    7.622829914093018,
    2.4503543376922607
  ],
  "lassberg-letter-1626": [
    8.558653831481934,
    4.179879665374756
  ],
  "lassberg-letter-1627": [
    6.891478061676025,
    4.229471683502197
  ],
  "lassberg-letter-1646": [
    9.189763069152832,
    2.8942012786865234
  ],